Métrica,A,A-prof5,B,B-prof5,C
Benign-DoH: precisão,87.00 ± 0.66,0.00 ± 0.00,82.06 ± 0.81,26.21 ± 2.14,77.20 ± 1.19
Benign-DoH: recall,93.07 ± 0.52,0.00 ± 0.00,93.67 ± 0.42,87.19 ± 1.17,94.51 ± 0.31
Benign-DoH: F1,89.93 ± 0.35,0.00 ± 0.00,87.48 ± 0.52,40.25 ± 2.39,84.98 ± 0.75
Malicious-DoH: precisão,99.99 ± 0.00,99.54 ± 0.19,99.97 ± 0.01,99.02 ± 1.00,99.99 ± 0.01
Malicious-DoH: recall,99.94 ± 0.02,97.52 ± 0.73,99.96 ± 0.01,97.46 ± 0.36,99.95 ± 0.02
Malicious-DoH: F1,99.97 ± 0.01,98.52 ± 0.32,99.97 ± 0.01,98.23 ± 0.52,99.97 ± 0.01
Non-DoH: precisão,99.84 ± 0.01,97.17 ± 0.19,99.85 ± 0.01,99.45 ± 0.04,99.87 ± 0.01
Non-DoH: recall,99.70 ± 0.02,99.87 ± 0.05,99.54 ± 0.02,94.70 ± 0.68,99.38 ± 0.04
Non-DoH: F1,99.77 ± 0.01,98.50 ± 0.09,99.70 ± 0.01,97.02 ± 0.34,99.62 ± 0.02
Malicious-DoH: FPR,0.0015 ± 0.0011,0.1241 ± 0.0522,0.0084 ± 0.0036,0.2680 ± 0.2751,0.0036 ± 0.0018
Acurácia,99.64 ± 0.01,97.66 ± 0.13,99.53 ± 0.02,95.17 ± 0.56,99.42 ± 0.03
Precisão macro,95.61 ± 0.22,65.57 ± 0.05,93.96 ± 0.27,74.89 ± 0.89,92.35 ± 0.40
Recall macro,97.57 ± 0.17,65.80 ± 0.23,97.72 ± 0.14,93.12 ± 0.31,97.95 ± 0.10
F1 macro,96.56 ± 0.12,65.67 ± 0.14,95.71 ± 0.18,78.50 ± 1.03,94.86 ± 0.26
F1 ponderado,99.64 ± 0.01,96.83 ± 0.13,99.55 ± 0.02,96.31 ± 0.40,99.45 ± 0.03
