Métrica,Artigo,Prof. 5,Dif.,Prof. var.,Dif.
Benign-DoH: precisão,97.27,0.00,-97.27,87.13,-10.14
Benign-DoH: recall,90.23,0.00,-90.23,92.91,+2.68
Benign-DoH: F1,93.62,0.00,-93.62,89.93,-3.69
Malicious-DoH: precisão,99.99,99.76,-0.23,99.99,0.00
Malicious-DoH: recall,99.98,97.91,-2.07,99.96,-0.02
Malicious-DoH: F1,99.98,98.83,-1.16,99.97,-0.01
Non-DoH: precisão,99.78,97.27,-2.51,99.83,+0.06
Non-DoH: recall,99.94,99.93,-0.01,99.69,-0.25
Non-DoH: F1,99.86,98.58,-1.28,99.76,-0.10
Malicious-DoH: FPR,0.0033,0.0649,+0.0616,0.0033,0.0000
Acurácia,99.78,97.79,-1.99,99.64,-0.15
Precisão macro,99.01,65.68,-33.34,95.65,-3.36
Recall macro,96.72,65.95,-30.77,97.52,+0.81
F1 macro,97.82,65.80,-32.02,96.56,-1.26
F1 ponderado,99.78,96.96,-2.82,99.64,-0.14
