Cenário,Ferramenta,n,Prof. 5,Prof. var.
Transferência,dnstt,2304,0.00,0.00
Transferência,tcp-over-dns,1502,0.00,0.33
Transferência,tuns,1452,6.20,6.20
"Retreino, publicado",dns2tcp,16679,95.51,99.95
"Retreino, publicado",dnscat2,3735,94.97,99.89
"Retreino, publicado",iodine,4567,94.92,99.87
"Retreino, publicado",dnstt,4696,100.00,100.00
"Retreino, publicado",tcp-over-dns,2935,98.23,100.00
"Retreino, publicado",tuns,2859,99.97,100.00
"Retreino, sem réplicas",dns2tcp,16718,99.41,99.98
"Retreino, sem réplicas",dnscat2,3674,93.69,99.86
"Retreino, sem réplicas",iodine,4576,94.65,99.89
"Retreino, sem réplicas",dnstt,232,49.14,99.57
"Retreino, sem réplicas",tcp-over-dns,142,87.32,98.59
"Retreino, sem réplicas",tuns,139,99.28,100.00
