Configuração,Acurácia,Benign prec.,Benign rec.,Malic. rec.,Malic. FPR,F1 macro,Σ |dif.| Fig. 4b
"Artigo, Fig. 4b",99.78,97.27,90.23,99.98,0.0033,97.82,0
partida (profundidade variável),99.64,87.13,92.91,99.96,0.0033,96.56,553
class_weight,99.62,85.97,93.06,99.96,0.0011,96.37,611
use_probas,99.66,88.42,92.76,99.97,0.0066,96.76,489
max_features_padrao,99.56,83.44,93.11,99.94,0.0000,95.90,749
meta_uniao,99.47,78.96,94.43,99.96,0.0033,95.21,1061
rf_unico,99.65,88.31,92.20,99.96,0.0022,96.65,469
partida (profundidade 5),97.79,0.00,0.00,97.91,0.0649,65.80,4711
class_weight-prof5,97.71,0.00,0.00,97.80,0.1352,65.72,4895
use_probas-prof5,97.69,0.00,0.00,97.97,0.2408,65.69,4963
max_features_padrao-prof5,97.42,0.00,0.00,97.92,0.6751,65.38,5579
meta_uniao-prof5,96.11,29.92,85.97,97.89,0.0429,80.28,8511
rf_unico-prof5,93.24,19.89,89.52,98.20,0.4848,75.47,15287
