base,class_name,feature,mean_abs_shap,rank
1,Non-DoH,PacketLengthMode,0.232357,1
1,Non-DoH,PacketLengthMedian,0.114516,2
1,Non-DoH,PacketLengthMean,0.0768318,3
1,Non-DoH,ResponseTimeTimeMedian,0.0445066,4
1,Non-DoH,ResponseTimeTimeMean,0.0276423,5
1,Non-DoH,PacketTimeMedian,0.0162125,6
1,Non-DoH,Duration,0.0159752,7
1,Non-DoH,PacketLengthCoefficientofVariation,0.0131531,8
1,Non-DoH,PacketLengthSkewFromMode,0.0096339,9
1,Non-DoH,ResponseTimeTimeSkewFromMedian,0.00770556,10
1,Non-DoH,FlowBytesSent,0.00586905,11
1,Non-DoH,PacketLengthSkewFromMedian,0.00506659,12
1,Non-DoH,ResponseTimeTimeMode,0.00501209,13
1,Non-DoH,FlowBytesReceived,0.00465186,14
1,Non-DoH,PacketLengthStandardDeviation,0.00260576,15
1,Non-DoH,PacketTimeCoefficientofVariation,0.00228229,16
1,Non-DoH,PacketTimeSkewFromMedian,0.000987357,17
1,Non-DoH,FlowSentRate,0.000709309,18
1,Non-DoH,PacketLengthVariance,0.00050065,19
1,Non-DoH,FlowReceivedRate,0,20
1,Non-DoH,PacketTimeVariance,0,21
1,Non-DoH,PacketTimeStandardDeviation,0,22
1,Non-DoH,PacketTimeMean,0,23
1,Non-DoH,PacketTimeMode,0,24
1,Non-DoH,PacketTimeSkewFromMode,0,25
1,Non-DoH,ResponseTimeTimeVariance,0,26
1,Non-DoH,ResponseTimeTimeStandardDeviation,0,27
1,Non-DoH,ResponseTimeTimeSkewFromMode,0,28
1,Non-DoH,ResponseTimeTimeCoefficientofVariation,0,29
1,Benign-DoH,PacketLengthMode,0.180748,1
1,Benign-DoH,PacketLengthMedian,0.123109,2
1,Benign-DoH,PacketLengthMean,0.0819709,3
1,Benign-DoH,ResponseTimeTimeMedian,0.0425584,4
1,Benign-DoH,ResponseTimeTimeMean,0.0288691,5
1,Benign-DoH,Duration,0.0229191,6
1,Benign-DoH,PacketLengthCoefficientofVariation,0.0213746,7
1,Benign-DoH,PacketLengthSkewFromMode,0.00766522,8
1,Benign-DoH,PacketLengthSkewFromMedian,0.0067942,9
1,Benign-DoH,ResponseTimeTimeMode,0.00508595,10
1,Benign-DoH,PacketTimeMedian,0.00406064,11
1,Benign-DoH,ResponseTimeTimeSkewFromMedian,0.00403967,12
1,Benign-DoH,FlowBytesReceived,0.00272749,13
1,Benign-DoH,FlowBytesSent,0.00152099,14
1,Benign-DoH,PacketLengthStandardDeviation,0.00138826,15
1,Benign-DoH,PacketTimeCoefficientofVariation,0.00138176,16
1,Benign-DoH,PacketTimeSkewFromMedian,0.00104357,17
1,Benign-DoH,FlowSentRate,0.000428391,18
1,Benign-DoH,PacketLengthVariance,1.49748e-05,19
1,Benign-DoH,FlowReceivedRate,0,20
1,Benign-DoH,PacketTimeVariance,0,21
1,Benign-DoH,PacketTimeStandardDeviation,0,22
1,Benign-DoH,PacketTimeMean,0,23
1,Benign-DoH,PacketTimeMode,0,24
1,Benign-DoH,PacketTimeSkewFromMode,0,25
1,Benign-DoH,ResponseTimeTimeVariance,0,26
1,Benign-DoH,ResponseTimeTimeStandardDeviation,0,27
1,Benign-DoH,ResponseTimeTimeSkewFromMode,0,28
1,Benign-DoH,ResponseTimeTimeCoefficientofVariation,0,29
1,Malicious-DoH,PacketLengthMode,0.372879,1
1,Malicious-DoH,Duration,0.0369849,2
1,Malicious-DoH,PacketTimeMedian,0.0202027,3
1,Malicious-DoH,PacketLengthMedian,0.0170056,4
1,Malicious-DoH,PacketLengthCoefficientofVariation,0.00952383,5
1,Malicious-DoH,PacketLengthMean,0.00925616,6
1,Malicious-DoH,FlowBytesSent,0.00472242,7
1,Malicious-DoH,ResponseTimeTimeSkewFromMedian,0.0036659,8
1,Malicious-DoH,PacketTimeCoefficientofVariation,0.00284429,9
1,Malicious-DoH,PacketLengthStandardDeviation,0.00230967,10
1,Malicious-DoH,PacketLengthSkewFromMode,0.00212211,11
1,Malicious-DoH,ResponseTimeTimeMedian,0.00207188,12
1,Malicious-DoH,PacketLengthSkewFromMedian,0.00204495,13
1,Malicious-DoH,FlowBytesReceived,0.00192461,14
1,Malicious-DoH,ResponseTimeTimeMean,0.00141195,15
1,Malicious-DoH,PacketLengthVariance,0.000515624,16
1,Malicious-DoH,FlowSentRate,0.000501709,17
1,Malicious-DoH,ResponseTimeTimeMode,7.49736e-05,18
1,Malicious-DoH,PacketTimeSkewFromMedian,5.62099e-05,19
1,Malicious-DoH,FlowReceivedRate,0,20
1,Malicious-DoH,PacketTimeVariance,0,21
1,Malicious-DoH,PacketTimeStandardDeviation,0,22
1,Malicious-DoH,PacketTimeMean,0,23
1,Malicious-DoH,PacketTimeMode,0,24
1,Malicious-DoH,PacketTimeSkewFromMode,0,25
1,Malicious-DoH,ResponseTimeTimeVariance,0,26
1,Malicious-DoH,ResponseTimeTimeStandardDeviation,0,27
1,Malicious-DoH,ResponseTimeTimeSkewFromMode,0,28
1,Malicious-DoH,ResponseTimeTimeCoefficientofVariation,0,29
2,Non-DoH,PacketLengthMode,0.230897,1
2,Non-DoH,PacketLengthMedian,0.114379,2
2,Non-DoH,PacketLengthMean,0.0760336,3
2,Non-DoH,ResponseTimeTimeMedian,0.0476712,4
2,Non-DoH,ResponseTimeTimeMean,0.0240139,5
2,Non-DoH,Duration,0.018126,6
2,Non-DoH,PacketTimeMedian,0.0161154,7
2,Non-DoH,PacketLengthCoefficientofVariation,0.0135465,8
2,Non-DoH,PacketLengthSkewFromMode,0.0100416,9
2,Non-DoH,ResponseTimeTimeSkewFromMedian,0.00763406,10
2,Non-DoH,FlowBytesSent,0.00549419,11
2,Non-DoH,ResponseTimeTimeMode,0.00538937,12
2,Non-DoH,PacketLengthSkewFromMedian,0.00501205,13
2,Non-DoH,FlowBytesReceived,0.00467094,14
2,Non-DoH,PacketLengthStandardDeviation,0.0039128,15
2,Non-DoH,PacketTimeCoefficientofVariation,0.00285142,16
2,Non-DoH,PacketTimeSkewFromMode,0.00109741,17
2,Non-DoH,FlowReceivedRate,0.000244354,18
2,Non-DoH,FlowSentRate,0.000100263,19
2,Non-DoH,PacketLengthVariance,0,20
2,Non-DoH,PacketTimeVariance,0,21
2,Non-DoH,PacketTimeStandardDeviation,0,22
2,Non-DoH,PacketTimeMean,0,23
2,Non-DoH,PacketTimeMode,0,24
2,Non-DoH,PacketTimeSkewFromMedian,0,25
2,Non-DoH,ResponseTimeTimeVariance,0,26
2,Non-DoH,ResponseTimeTimeStandardDeviation,0,27
2,Non-DoH,ResponseTimeTimeSkewFromMode,0,28
2,Non-DoH,ResponseTimeTimeCoefficientofVariation,0,29
2,Benign-DoH,PacketLengthMode,0.18122,1
2,Benign-DoH,PacketLengthMedian,0.12281,2
2,Benign-DoH,PacketLengthMean,0.081698,3
2,Benign-DoH,ResponseTimeTimeMedian,0.0456957,4
2,Benign-DoH,ResponseTimeTimeMean,0.0253788,5
2,Benign-DoH,Duration,0.0223765,6
2,Benign-DoH,PacketLengthCoefficientofVariation,0.0217542,7
2,Benign-DoH,PacketLengthSkewFromMode,0.00790861,8
2,Benign-DoH,ResponseTimeTimeMode,0.00539129,9
2,Benign-DoH,PacketLengthSkewFromMedian,0.00511026,10
2,Benign-DoH,PacketLengthStandardDeviation,0.00448591,11
2,Benign-DoH,ResponseTimeTimeSkewFromMedian,0.00394706,12
2,Benign-DoH,PacketTimeMedian,0.00378319,13
2,Benign-DoH,FlowBytesReceived,0.00298019,14
2,Benign-DoH,PacketTimeCoefficientofVariation,0.00266499,15
2,Benign-DoH,FlowBytesSent,0.00156041,16
2,Benign-DoH,PacketTimeSkewFromMode,0.00118523,17
2,Benign-DoH,FlowReceivedRate,8.7322e-06,18
2,Benign-DoH,FlowSentRate,3.88654e-06,19
2,Benign-DoH,PacketLengthVariance,0,20
2,Benign-DoH,PacketTimeVariance,0,21
2,Benign-DoH,PacketTimeStandardDeviation,0,22
2,Benign-DoH,PacketTimeMean,0,23
2,Benign-DoH,PacketTimeMode,0,24
2,Benign-DoH,PacketTimeSkewFromMedian,0,25
2,Benign-DoH,ResponseTimeTimeVariance,0,26
2,Benign-DoH,ResponseTimeTimeStandardDeviation,0,27
2,Benign-DoH,ResponseTimeTimeSkewFromMode,0,28
2,Benign-DoH,ResponseTimeTimeCoefficientofVariation,0,29
2,Malicious-DoH,PacketLengthMode,0.372295,1
2,Malicious-DoH,Duration,0.0381404,2
2,Malicious-DoH,PacketTimeMedian,0.0198553,3
2,Malicious-DoH,PacketLengthMedian,0.0170973,4
2,Malicious-DoH,PacketLengthCoefficientofVariation,0.00943557,5
2,Malicious-DoH,PacketLengthMean,0.00936465,6
2,Malicious-DoH,FlowBytesSent,0.0042629,7
2,Malicious-DoH,ResponseTimeTimeSkewFromMedian,0.003687,8
2,Malicious-DoH,PacketLengthStandardDeviation,0.0035187,9
2,Malicious-DoH,PacketTimeCoefficientofVariation,0.00274132,10
2,Malicious-DoH,PacketLengthSkewFromMode,0.00220336,11
2,Malicious-DoH,ResponseTimeTimeMedian,0.00216695,12
2,Malicious-DoH,ResponseTimeTimeMean,0.00170206,13
2,Malicious-DoH,FlowBytesReceived,0.00169572,14
2,Malicious-DoH,FlowReceivedRate,0.000253086,15
2,Malicious-DoH,FlowSentRate,0.00010415,16
2,Malicious-DoH,PacketLengthSkewFromMedian,9.93154e-05,17
2,Malicious-DoH,PacketTimeSkewFromMode,8.78281e-05,18
2,Malicious-DoH,ResponseTimeTimeMode,1.92019e-06,19
2,Malicious-DoH,PacketLengthVariance,0,20
2,Malicious-DoH,PacketTimeVariance,0,21
2,Malicious-DoH,PacketTimeStandardDeviation,0,22
2,Malicious-DoH,PacketTimeMean,0,23
2,Malicious-DoH,PacketTimeMode,0,24
2,Malicious-DoH,PacketTimeSkewFromMedian,0,25
2,Malicious-DoH,ResponseTimeTimeVariance,0,26
2,Malicious-DoH,ResponseTimeTimeStandardDeviation,0,27
2,Malicious-DoH,ResponseTimeTimeSkewFromMode,0,28
2,Malicious-DoH,ResponseTimeTimeCoefficientofVariation,0,29
3,Non-DoH,PacketLengthMode,0.230782,1
3,Non-DoH,PacketLengthMedian,0.115153,2
3,Non-DoH,PacketLengthMean,0.0759746,3
3,Non-DoH,ResponseTimeTimeMedian,0.043547,4
3,Non-DoH,ResponseTimeTimeMean,0.0312249,5
3,Non-DoH,PacketTimeMedian,0.0172409,6
3,Non-DoH,Duration,0.0166924,7
3,Non-DoH,PacketLengthCoefficientofVariation,0.0128461,8
3,Non-DoH,PacketLengthSkewFromMode,0.0099286,9
3,Non-DoH,ResponseTimeTimeSkewFromMedian,0.00873558,10
3,Non-DoH,PacketLengthSkewFromMedian,0.00818679,11
3,Non-DoH,FlowBytesSent,0.00525652,12
3,Non-DoH,ResponseTimeTimeMode,0.00476911,13
3,Non-DoH,FlowBytesReceived,0.00448675,14
3,Non-DoH,PacketTimeCoefficientofVariation,0.00319908,15
3,Non-DoH,PacketLengthStandardDeviation,0.00304958,16
3,Non-DoH,PacketTimeSkewFromMode,0.000993429,17
3,Non-DoH,FlowSentRate,0.000552619,18
3,Non-DoH,FlowReceivedRate,0.000360872,19
3,Non-DoH,PacketLengthVariance,0.000119744,20
3,Non-DoH,PacketTimeVariance,0,21
3,Non-DoH,PacketTimeStandardDeviation,0,22
3,Non-DoH,PacketTimeMean,0,23
3,Non-DoH,PacketTimeMode,0,24
3,Non-DoH,PacketTimeSkewFromMedian,0,25
3,Non-DoH,ResponseTimeTimeVariance,0,26
3,Non-DoH,ResponseTimeTimeStandardDeviation,0,27
3,Non-DoH,ResponseTimeTimeSkewFromMode,0,28
3,Non-DoH,ResponseTimeTimeCoefficientofVariation,0,29
3,Benign-DoH,PacketLengthMode,0.18232,1
3,Benign-DoH,PacketLengthMedian,0.123326,2
3,Benign-DoH,PacketLengthMean,0.0815342,3
3,Benign-DoH,ResponseTimeTimeMedian,0.0416262,4
3,Benign-DoH,ResponseTimeTimeMean,0.033154,5
3,Benign-DoH,PacketLengthCoefficientofVariation,0.0239656,6
3,Benign-DoH,Duration,0.0231205,7
3,Benign-DoH,PacketLengthSkewFromMedian,0.0083292,8
3,Benign-DoH,PacketLengthSkewFromMode,0.00794789,9
3,Benign-DoH,ResponseTimeTimeMode,0.00477189,10
3,Benign-DoH,ResponseTimeTimeSkewFromMedian,0.00455664,11
3,Benign-DoH,PacketTimeCoefficientofVariation,0.00376343,12
3,Benign-DoH,PacketTimeMedian,0.00335843,13
3,Benign-DoH,FlowBytesReceived,0.0026965,14
3,Benign-DoH,PacketLengthStandardDeviation,0.0015437,15
3,Benign-DoH,FlowBytesSent,0.0014709,16
3,Benign-DoH,PacketTimeSkewFromMode,0.00108783,17
3,Benign-DoH,FlowSentRate,0.000547209,18
3,Benign-DoH,FlowReceivedRate,0.000366273,19
3,Benign-DoH,ResponseTimeTimeCoefficientofVariation,6.11015e-05,20
3,Benign-DoH,PacketLengthVariance,0,21
3,Benign-DoH,PacketTimeVariance,0,22
3,Benign-DoH,PacketTimeStandardDeviation,0,23
3,Benign-DoH,PacketTimeMean,0,24
3,Benign-DoH,PacketTimeMode,0,25
3,Benign-DoH,PacketTimeSkewFromMedian,0,26
3,Benign-DoH,ResponseTimeTimeVariance,0,27
3,Benign-DoH,ResponseTimeTimeStandardDeviation,0,28
3,Benign-DoH,ResponseTimeTimeSkewFromMode,0,29
3,Malicious-DoH,PacketLengthMode,0.373029,1
3,Malicious-DoH,Duration,0.0376979,2
3,Malicious-DoH,PacketTimeMedian,0.0205573,3
3,Malicious-DoH,PacketLengthMedian,0.0165336,4
3,Malicious-DoH,PacketLengthCoefficientofVariation,0.0113534,5
3,Malicious-DoH,PacketLengthMean,0.00909714,6
3,Malicious-DoH,ResponseTimeTimeSkewFromMedian,0.00417894,7
3,Malicious-DoH,FlowBytesSent,0.00405177,8
3,Malicious-DoH,PacketTimeCoefficientofVariation,0.00300739,9
3,Malicious-DoH,PacketLengthStandardDeviation,0.00263669,10
3,Malicious-DoH,ResponseTimeTimeMean,0.00230299,11
3,Malicious-DoH,PacketLengthSkewFromMode,0.00218409,12
3,Malicious-DoH,ResponseTimeTimeMedian,0.0021063,13
3,Malicious-DoH,FlowBytesReceived,0.00179025,14
3,Malicious-DoH,FlowSentRate,0.000379934,15
3,Malicious-DoH,PacketLengthSkewFromMedian,0.000144067,16
3,Malicious-DoH,PacketLengthVariance,0.000119744,17
3,Malicious-DoH,PacketTimeSkewFromMode,0.000101361,18
3,Malicious-DoH,ResponseTimeTimeCoefficientofVariation,6.11015e-05,19
3,Malicious-DoH,FlowReceivedRate,5.40089e-06,20
3,Malicious-DoH,ResponseTimeTimeMode,2.7814e-06,21
3,Malicious-DoH,PacketTimeVariance,0,22
3,Malicious-DoH,PacketTimeStandardDeviation,0,23
3,Malicious-DoH,PacketTimeMean,0,24
3,Malicious-DoH,PacketTimeMode,0,25
3,Malicious-DoH,PacketTimeSkewFromMedian,0,26
3,Malicious-DoH,ResponseTimeTimeVariance,0,27
3,Malicious-DoH,ResponseTimeTimeStandardDeviation,0,28
3,Malicious-DoH,ResponseTimeTimeSkewFromMode,0,29
