atributo,ferramenta,x,densidade_normal,densidade_histograma
ResponseTimeTimeSkewFromMode,dns2tcp,-9.9,3.61304e-72,0.00520064
ResponseTimeTimeSkewFromMode,dns2tcp,-9.7,1.33625e-69,0
ResponseTimeTimeSkewFromMode,dns2tcp,-9.5,4.43382e-67,0
ResponseTimeTimeSkewFromMode,dns2tcp,-9.3,1.31991e-64,0
ResponseTimeTimeSkewFromMode,dns2tcp,-9.1,3.52519e-62,0
ResponseTimeTimeSkewFromMode,dns2tcp,-8.9,8.4469e-60,0
ResponseTimeTimeSkewFromMode,dns2tcp,-8.7,1.81588e-57,0
ResponseTimeTimeSkewFromMode,dns2tcp,-8.5,3.50227e-55,0
ResponseTimeTimeSkewFromMode,dns2tcp,-8.3,6.06022e-53,0
ResponseTimeTimeSkewFromMode,dns2tcp,-8.1,9.40809e-51,0
ResponseTimeTimeSkewFromMode,dns2tcp,-7.9,1.31035e-48,0
ResponseTimeTimeSkewFromMode,dns2tcp,-7.7,1.63739e-46,0
ResponseTimeTimeSkewFromMode,dns2tcp,-7.5,1.83564e-44,0
ResponseTimeTimeSkewFromMode,dns2tcp,-7.3,1.84629e-42,0
ResponseTimeTimeSkewFromMode,dns2tcp,-7.1,1.66604e-40,0
ResponseTimeTimeSkewFromMode,dns2tcp,-6.9,1.3488e-38,0
ResponseTimeTimeSkewFromMode,dns2tcp,-6.7,9.79677e-37,0
ResponseTimeTimeSkewFromMode,dns2tcp,-6.5,6.38401e-35,0
ResponseTimeTimeSkewFromMode,dns2tcp,-6.3,3.73232e-33,0
ResponseTimeTimeSkewFromMode,dns2tcp,-6.1,1.95766e-31,0
ResponseTimeTimeSkewFromMode,dns2tcp,-5.9,9.21239e-30,0
ResponseTimeTimeSkewFromMode,dns2tcp,-5.7,3.88939e-28,0
ResponseTimeTimeSkewFromMode,dns2tcp,-5.5,1.47321e-26,0
ResponseTimeTimeSkewFromMode,dns2tcp,-5.3,5.00637e-25,0
ResponseTimeTimeSkewFromMode,dns2tcp,-5.1,1.52636e-23,0
ResponseTimeTimeSkewFromMode,dns2tcp,-4.9,4.17507e-22,0
ResponseTimeTimeSkewFromMode,dns2tcp,-4.7,1.02458e-20,0
ResponseTimeTimeSkewFromMode,dns2tcp,-4.5,2.25581e-19,0
ResponseTimeTimeSkewFromMode,dns2tcp,-4.3,4.4559e-18,0
ResponseTimeTimeSkewFromMode,dns2tcp,-4.1,7.89662e-17,0
ResponseTimeTimeSkewFromMode,dns2tcp,-3.9,1.25552e-15,0
ResponseTimeTimeSkewFromMode,dns2tcp,-3.7,1.79093e-14,0
ResponseTimeTimeSkewFromMode,dns2tcp,-3.5,2.29197e-13,0
ResponseTimeTimeSkewFromMode,dns2tcp,-3.3,2.63156e-12,0
ResponseTimeTimeSkewFromMode,dns2tcp,-3.1,2.71077e-11,0
ResponseTimeTimeSkewFromMode,dns2tcp,-2.9,2.50523e-10,0
ResponseTimeTimeSkewFromMode,dns2tcp,-2.7,2.07719e-09,2.98888e-05
ResponseTimeTimeSkewFromMode,dns2tcp,-2.5,1.54518e-08,0
ResponseTimeTimeSkewFromMode,dns2tcp,-2.3,1.03124e-07,0
ResponseTimeTimeSkewFromMode,dns2tcp,-2.1,6.17464e-07,0
ResponseTimeTimeSkewFromMode,dns2tcp,-1.9,3.31695e-06,2.98888e-05
ResponseTimeTimeSkewFromMode,dns2tcp,-1.7,1.59861e-05,2.98888e-05
ResponseTimeTimeSkewFromMode,dns2tcp,-1.5,6.91223e-05,8.96663e-05
ResponseTimeTimeSkewFromMode,dns2tcp,-1.3,0.000268145,0.00023911
ResponseTimeTimeSkewFromMode,dns2tcp,-1.1,0.000933247,0.000597775
ResponseTimeTimeSkewFromMode,dns2tcp,-0.9,0.00291405,0.00415454
ResponseTimeTimeSkewFromMode,dns2tcp,-0.7,0.00816344,0.0240604
ResponseTimeTimeSkewFromMode,dns2tcp,-0.5,0.0205175,0.0121348
ResponseTimeTimeSkewFromMode,dns2tcp,-0.3,0.0462646,0.00908618
ResponseTimeTimeSkewFromMode,dns2tcp,-0.1,0.093594,0.0127326
ResponseTimeTimeSkewFromMode,dns2tcp,0.1,0.169872,0.135037
ResponseTimeTimeSkewFromMode,dns2tcp,0.3,0.276612,0.368409
ResponseTimeTimeSkewFromMode,dns2tcp,0.5,0.404106,0.266488
ResponseTimeTimeSkewFromMode,dns2tcp,0.7,0.529655,0.335531
ResponseTimeTimeSkewFromMode,dns2tcp,0.9,0.622826,0.572698
ResponseTimeTimeSkewFromMode,dns2tcp,1.1,0.657074,0.552912
ResponseTimeTimeSkewFromMode,dns2tcp,1.3,0.621923,0.860079
ResponseTimeTimeSkewFromMode,dns2tcp,1.5,0.528121,1.2616
ResponseTimeTimeSkewFromMode,dns2tcp,1.7,0.402351,0.468148
ResponseTimeTimeSkewFromMode,dns2tcp,1.9,0.275012,0.042173
ResponseTimeTimeSkewFromMode,dns2tcp,2.1,0.168645,0.0102518
ResponseTimeTimeSkewFromMode,dns2tcp,2.3,0.0927829,0.0192484
ResponseTimeTimeSkewFromMode,dns2tcp,2.5,0.0457971,0.0345215
ResponseTimeTimeSkewFromMode,dns2tcp,2.7,0.0202807,0.00400509
ResponseTimeTimeSkewFromMode,dns2tcp,2.9,0.00805755,0.000358665
ResponseTimeTimeSkewFromMode,dns2tcp,3.1,0.00287209,8.96663e-05
ResponseTimeTimeSkewFromMode,dns2tcp,3.3,0.000918473,2.98888e-05
ResponseTimeTimeSkewFromMode,dns2tcp,3.5,0.000263518,0
ResponseTimeTimeSkewFromMode,dns2tcp,3.7,6.7831e-05,0
ResponseTimeTimeSkewFromMode,dns2tcp,3.9,1.56647e-05,0
ResponseTimeTimeSkewFromMode,dns2tcp,4.1,3.24556e-06,0
ResponseTimeTimeSkewFromMode,dns2tcp,4.3,6.03297e-07,0
ResponseTimeTimeSkewFromMode,dns2tcp,4.5,1.00612e-07,0
ResponseTimeTimeSkewFromMode,dns2tcp,4.7,1.50536e-08,0
ResponseTimeTimeSkewFromMode,dns2tcp,4.9,2.02072e-09,0
ResponseTimeTimeSkewFromMode,dns2tcp,5.1,2.43359e-10,0
ResponseTimeTimeSkewFromMode,dns2tcp,5.3,2.62944e-11,0
ResponseTimeTimeSkewFromMode,dns2tcp,5.5,2.5489e-12,2.98888e-05
ResponseTimeTimeSkewFromMode,dns2tcp,5.7,2.21676e-13,0
ResponseTimeTimeSkewFromMode,dns2tcp,5.9,1.72965e-14,0
ResponseTimeTimeSkewFromMode,dns2tcp,6.1,1.2108e-15,0
ResponseTimeTimeSkewFromMode,dns2tcp,6.3,7.60434e-17,0
ResponseTimeTimeSkewFromMode,dns2tcp,6.5,4.28475e-18,0
ResponseTimeTimeSkewFromMode,dns2tcp,6.7,2.16602e-19,0
ResponseTimeTimeSkewFromMode,dns2tcp,6.9,9.82373e-21,0
ResponseTimeTimeSkewFromMode,dns2tcp,7.1,3.99728e-22,0
ResponseTimeTimeSkewFromMode,dns2tcp,7.3,1.45924e-23,0
ResponseTimeTimeSkewFromMode,dns2tcp,7.5,4.77929e-25,0
ResponseTimeTimeSkewFromMode,dns2tcp,7.7,1.40435e-26,0
ResponseTimeTimeSkewFromMode,dns2tcp,7.9,3.70221e-28,0
ResponseTimeTimeSkewFromMode,dns2tcp,8.1,8.75634e-30,0
ResponseTimeTimeSkewFromMode,dns2tcp,8.3,1.85805e-31,0
ResponseTimeTimeSkewFromMode,dns2tcp,8.5,3.53727e-33,0
ResponseTimeTimeSkewFromMode,dns2tcp,8.7,6.04162e-35,0
ResponseTimeTimeSkewFromMode,dns2tcp,8.9,9.25791e-37,0
ResponseTimeTimeSkewFromMode,dns2tcp,9.1,1.27276e-38,0
ResponseTimeTimeSkewFromMode,dns2tcp,9.3,1.56984e-40,0
ResponseTimeTimeSkewFromMode,dns2tcp,9.5,1.73716e-42,0
ResponseTimeTimeSkewFromMode,dns2tcp,9.7,1.72464e-44,0
ResponseTimeTimeSkewFromMode,dns2tcp,9.9,1.53614e-46,0
ResponseTimeTimeSkewFromMode,dnscat2,-9.9,2.56715e-19,0.0376308
ResponseTimeTimeSkewFromMode,dnscat2,-9.7,1.25886e-18,0
ResponseTimeTimeSkewFromMode,dnscat2,-9.5,5.98554e-18,0
ResponseTimeTimeSkewFromMode,dnscat2,-9.3,2.75946e-17,0
ResponseTimeTimeSkewFromMode,dnscat2,-9.1,1.23351e-16,0
ResponseTimeTimeSkewFromMode,dnscat2,-8.9,5.34638e-16,0
ResponseTimeTimeSkewFromMode,dnscat2,-8.7,2.24684e-15,0
ResponseTimeTimeSkewFromMode,dnscat2,-8.5,9.15551e-15,0
ResponseTimeTimeSkewFromMode,dnscat2,-8.3,3.61734e-14,0
ResponseTimeTimeSkewFromMode,dnscat2,-8.1,1.38578e-13,0
ResponseTimeTimeSkewFromMode,dnscat2,-7.9,5.14748e-13,0
ResponseTimeTimeSkewFromMode,dnscat2,-7.7,1.85393e-12,0
ResponseTimeTimeSkewFromMode,dnscat2,-7.5,6.47423e-12,0
ResponseTimeTimeSkewFromMode,dnscat2,-7.3,2.1922e-11,0
ResponseTimeTimeSkewFromMode,dnscat2,-7.1,7.19731e-11,0
ResponseTimeTimeSkewFromMode,dnscat2,-6.9,2.29117e-10,0
ResponseTimeTimeSkewFromMode,dnscat2,-6.7,7.07196e-10,0
ResponseTimeTimeSkewFromMode,dnscat2,-6.5,2.11651e-09,0
ResponseTimeTimeSkewFromMode,dnscat2,-6.3,6.14183e-09,0
ResponseTimeTimeSkewFromMode,dnscat2,-6.1,1.72812e-08,0
ResponseTimeTimeSkewFromMode,dnscat2,-5.9,4.7146e-08,0
ResponseTimeTimeSkewFromMode,dnscat2,-5.7,1.24713e-07,0
ResponseTimeTimeSkewFromMode,dnscat2,-5.5,3.19874e-07,0
ResponseTimeTimeSkewFromMode,dnscat2,-5.3,7.95503e-07,0
ResponseTimeTimeSkewFromMode,dnscat2,-5.1,1.91824e-06,0
ResponseTimeTimeSkewFromMode,dnscat2,-4.9,4.48496e-06,0
ResponseTimeTimeSkewFromMode,dnscat2,-4.7,1.01675e-05,0
ResponseTimeTimeSkewFromMode,dnscat2,-4.5,2.23493e-05,0
ResponseTimeTimeSkewFromMode,dnscat2,-4.3,4.76335e-05,0
ResponseTimeTimeSkewFromMode,dnscat2,-4.1,9.84368e-05,0
ResponseTimeTimeSkewFromMode,dnscat2,-3.9,0.000197242,0
ResponseTimeTimeSkewFromMode,dnscat2,-3.7,0.000383212,0
ResponseTimeTimeSkewFromMode,dnscat2,-3.5,0.000721898,0
ResponseTimeTimeSkewFromMode,dnscat2,-3.3,0.00131859,0
ResponseTimeTimeSkewFromMode,dnscat2,-3.1,0.00233528,0
ResponseTimeTimeSkewFromMode,dnscat2,-2.9,0.00401021,0
ResponseTimeTimeSkewFromMode,dnscat2,-2.7,0.00667716,0
ResponseTimeTimeSkewFromMode,dnscat2,-2.5,0.0107799,0
ResponseTimeTimeSkewFromMode,dnscat2,-2.3,0.0168745,0
ResponseTimeTimeSkewFromMode,dnscat2,-2.1,0.0256123,0
ResponseTimeTimeSkewFromMode,dnscat2,-1.9,0.037693,0
ResponseTimeTimeSkewFromMode,dnscat2,-1.7,0.0537862,0
ResponseTimeTimeSkewFromMode,dnscat2,-1.5,0.0744179,0.000279783
ResponseTimeTimeSkewFromMode,dnscat2,-1.3,0.0998347,0.0016787
ResponseTimeTimeSkewFromMode,dnscat2,-1.1,0.129862,0.00209837
ResponseTimeTimeSkewFromMode,dnscat2,-0.9,0.163788,0.0082536
ResponseTimeTimeSkewFromMode,dnscat2,-0.7,0.200298,0.0478429
ResponseTimeTimeSkewFromMode,dnscat2,-0.5,0.237503,0.107577
ResponseTimeTimeSkewFromMode,dnscat2,-0.3,0.27306,0.116669
ResponseTimeTimeSkewFromMode,dnscat2,-0.1,0.304399,0.251805
ResponseTimeTimeSkewFromMode,dnscat2,0.1,0.329024,0.919367
ResponseTimeTimeSkewFromMode,dnscat2,0.3,0.344832,1.3459
ResponseTimeTimeSkewFromMode,dnscat2,0.5,0.350417,0.239354
ResponseTimeTimeSkewFromMode,dnscat2,0.7,0.345271,0.534665
ResponseTimeTimeSkewFromMode,dnscat2,0.9,0.329861,0.145207
ResponseTimeTimeSkewFromMode,dnscat2,1.1,0.305562,0.307481
ResponseTimeTimeSkewFromMode,dnscat2,1.3,0.274452,0.161715
ResponseTimeTimeSkewFromMode,dnscat2,1.5,0.239017,0.321331
ResponseTimeTimeSkewFromMode,dnscat2,1.7,0.201831,0.135135
ResponseTimeTimeSkewFromMode,dnscat2,1.9,0.165251,0.0969448
ResponseTimeTimeSkewFromMode,dnscat2,2.1,0.13119,0.0633708
ResponseTimeTimeSkewFromMode,dnscat2,2.3,0.100983,0.0453248
ResponseTimeTimeSkewFromMode,dnscat2,2.5,0.07537,0.0622517
ResponseTimeTimeSkewFromMode,dnscat2,2.7,0.0545436,0.0453248
ResponseTimeTimeSkewFromMode,dnscat2,2.9,0.0382724,0.00195848
ResponseTimeTimeSkewFromMode,dnscat2,3.1,0.026039,0.000419674
ResponseTimeTimeSkewFromMode,dnscat2,3.3,0.0171775,0.000139891
ResponseTimeTimeSkewFromMode,dnscat2,3.5,0.0109874,0.000139891
ResponseTimeTimeSkewFromMode,dnscat2,3.7,0.00681436,0
ResponseTimeTimeSkewFromMode,dnscat2,3.9,0.00409781,0.000139891
ResponseTimeTimeSkewFromMode,dnscat2,4.1,0.00238933,0
ResponseTimeTimeSkewFromMode,dnscat2,4.3,0.00135082,0
ResponseTimeTimeSkewFromMode,dnscat2,4.5,0.000740486,0
ResponseTimeTimeSkewFromMode,dnscat2,4.7,0.00039358,0
ResponseTimeTimeSkewFromMode,dnscat2,4.9,0.000202836,0
ResponseTimeTimeSkewFromMode,dnscat2,5.1,0.000101357,0
ResponseTimeTimeSkewFromMode,dnscat2,5.3,4.91091e-05,0
ResponseTimeTimeSkewFromMode,dnscat2,5.5,2.3071e-05,0
ResponseTimeTimeSkewFromMode,dnscat2,5.7,1.05091e-05,0
ResponseTimeTimeSkewFromMode,dnscat2,5.9,4.64157e-06,0
ResponseTimeTimeSkewFromMode,dnscat2,6.1,1.98774e-06,0
ResponseTimeTimeSkewFromMode,dnscat2,6.3,8.25377e-07,0
ResponseTimeTimeSkewFromMode,dnscat2,6.5,3.32308e-07,0
ResponseTimeTimeSkewFromMode,dnscat2,6.7,1.29726e-07,0
ResponseTimeTimeSkewFromMode,dnscat2,6.9,4.91033e-08,0
ResponseTimeTimeSkewFromMode,dnscat2,7.1,1.80215e-08,0
ResponseTimeTimeSkewFromMode,dnscat2,7.3,6.41311e-09,0
ResponseTimeTimeSkewFromMode,dnscat2,7.5,2.2128e-09,0
ResponseTimeTimeSkewFromMode,dnscat2,7.7,7.40312e-10,0
ResponseTimeTimeSkewFromMode,dnscat2,7.9,2.4015e-10,0
ResponseTimeTimeSkewFromMode,dnscat2,8.1,7.55351e-11,0
ResponseTimeTimeSkewFromMode,dnscat2,8.3,2.30362e-11,0
ResponseTimeTimeSkewFromMode,dnscat2,8.5,6.81195e-12,0
ResponseTimeTimeSkewFromMode,dnscat2,8.7,1.95312e-12,0
ResponseTimeTimeSkewFromMode,dnscat2,8.9,5.42977e-13,0
ResponseTimeTimeSkewFromMode,dnscat2,9.1,1.46363e-13,0
ResponseTimeTimeSkewFromMode,dnscat2,9.3,3.82543e-14,0
ResponseTimeTimeSkewFromMode,dnscat2,9.5,9.69451e-15,0
ResponseTimeTimeSkewFromMode,dnscat2,9.7,2.38214e-15,0
ResponseTimeTimeSkewFromMode,dnscat2,9.9,5.67554e-16,0
ResponseTimeTimeSkewFromMode,iodine,-9.9,3.23033e-21,0.0387972
ResponseTimeTimeSkewFromMode,iodine,-9.7,1.86934e-20,0
ResponseTimeTimeSkewFromMode,iodine,-9.5,1.04558e-19,0
ResponseTimeTimeSkewFromMode,iodine,-9.3,5.65261e-19,0
ResponseTimeTimeSkewFromMode,iodine,-9.1,2.95372e-18,0
ResponseTimeTimeSkewFromMode,iodine,-8.9,1.49181e-17,0
ResponseTimeTimeSkewFromMode,iodine,-8.7,7.28257e-17,0
ResponseTimeTimeSkewFromMode,iodine,-8.5,3.43622e-16,0
ResponseTimeTimeSkewFromMode,iodine,-8.3,1.56713e-15,0
ResponseTimeTimeSkewFromMode,iodine,-8.1,6.908e-15,0
ResponseTimeTimeSkewFromMode,iodine,-7.9,2.94325e-14,0
ResponseTimeTimeSkewFromMode,iodine,-7.7,1.21207e-13,0
ResponseTimeTimeSkewFromMode,iodine,-7.5,4.8245e-13,0
ResponseTimeTimeSkewFromMode,iodine,-7.3,1.85611e-12,0
ResponseTimeTimeSkewFromMode,iodine,-7.1,6.9021e-12,0
ResponseTimeTimeSkewFromMode,iodine,-6.9,2.48076e-11,0
ResponseTimeTimeSkewFromMode,iodine,-6.7,8.61815e-11,0
ResponseTimeTimeSkewFromMode,iodine,-6.5,2.8938e-10,0
ResponseTimeTimeSkewFromMode,iodine,-6.3,9.39182e-10,0
ResponseTimeTimeSkewFromMode,iodine,-6.1,2.94616e-09,0
ResponseTimeTimeSkewFromMode,iodine,-5.9,8.93282e-09,0
ResponseTimeTimeSkewFromMode,iodine,-5.7,2.61786e-08,0
ResponseTimeTimeSkewFromMode,iodine,-5.5,7.41533e-08,0
ResponseTimeTimeSkewFromMode,iodine,-5.3,2.03021e-07,0
ResponseTimeTimeSkewFromMode,iodine,-5.1,5.3725e-07,0
ResponseTimeTimeSkewFromMode,iodine,-4.9,1.37416e-06,0
ResponseTimeTimeSkewFromMode,iodine,-4.7,3.39723e-06,0
ResponseTimeTimeSkewFromMode,iodine,-4.5,8.11779e-06,0
ResponseTimeTimeSkewFromMode,iodine,-4.3,1.8749e-05,0
ResponseTimeTimeSkewFromMode,iodine,-4.1,4.18545e-05,0
ResponseTimeTimeSkewFromMode,iodine,-3.9,9.03093e-05,0
ResponseTimeTimeSkewFromMode,iodine,-3.7,0.000188343,0
ResponseTimeTimeSkewFromMode,iodine,-3.5,0.000379656,0
ResponseTimeTimeSkewFromMode,iodine,-3.3,0.000739705,0
ResponseTimeTimeSkewFromMode,iodine,-3.1,0.001393,0
ResponseTimeTimeSkewFromMode,iodine,-2.9,0.00253555,0
ResponseTimeTimeSkewFromMode,iodine,-2.7,0.00446085,0
ResponseTimeTimeSkewFromMode,iodine,-2.5,0.00758558,0
ResponseTimeTimeSkewFromMode,iodine,-2.3,0.0124677,0
ResponseTimeTimeSkewFromMode,iodine,-2.1,0.0198066,0
ResponseTimeTimeSkewFromMode,iodine,-1.9,0.0304129,0
ResponseTimeTimeSkewFromMode,iodine,-1.7,0.045137,0
ResponseTimeTimeSkewFromMode,iodine,-1.5,0.0647489,0.000214943
ResponseTimeTimeSkewFromMode,iodine,-1.3,0.0897757,0.00118219
ResponseTimeTimeSkewFromMode,iodine,-1.1,0.120312,0.00247184
ResponseTimeTimeSkewFromMode,iodine,-0.9,0.155843,0.0103173
ResponseTimeTimeSkewFromMode,iodine,-0.7,0.195116,0.0493294
ResponseTimeTimeSkewFromMode,iodine,-0.5,0.236114,0.077057
ResponseTimeTimeSkewFromMode,iodine,-0.3,0.27617,0.0598616
ResponseTimeTimeSkewFromMode,iodine,-0.1,0.312218,0.0655576
ResponseTimeTimeSkewFromMode,iodine,0.1,0.341165,0.755954
ResponseTimeTimeSkewFromMode,iodine,0.3,0.360328,1.00808
ResponseTimeTimeSkewFromMode,iodine,0.5,0.367838,0.767346
ResponseTimeTimeSkewFromMode,iodine,0.7,0.362945,0.709849
ResponseTimeTimeSkewFromMode,iodine,0.9,0.346139,0.621292
ResponseTimeTimeSkewFromMode,iodine,1.1,0.31907,0.228592
ResponseTimeTimeSkewFromMode,iodine,1.3,0.284281,0.101453
ResponseTimeTimeSkewFromMode,iodine,1.5,0.244814,0.219027
ResponseTimeTimeSkewFromMode,iodine,1.7,0.203774,0.088234
ResponseTimeTimeSkewFromMode,iodine,1.9,0.163941,0.0593242
ResponseTimeTimeSkewFromMode,iodine,2.1,0.127483,0.0336386
ResponseTimeTimeSkewFromMode,iodine,2.3,0.0958174,0.0250408
ResponseTimeTimeSkewFromMode,iodine,2.5,0.0696083,0.0458903
ResponseTimeTimeSkewFromMode,iodine,2.7,0.0488769,0.0267604
ResponseTimeTimeSkewFromMode,iodine,2.9,0.033172,0.00419139
ResponseTimeTimeSkewFromMode,iodine,3.1,0.0217604,0.000429886
ResponseTimeTimeSkewFromMode,iodine,3.3,0.0137971,0.000107471
ResponseTimeTimeSkewFromMode,iodine,3.5,0.00845536,0
ResponseTimeTimeSkewFromMode,iodine,3.7,0.00500845,0
ResponseTimeTimeSkewFromMode,iodine,3.9,0.00286748,0
ResponseTimeTimeSkewFromMode,iodine,4.1,0.00158681,0
ResponseTimeTimeSkewFromMode,iodine,4.3,0.000848737,0
ResponseTimeTimeSkewFromMode,iodine,4.5,0.000438781,0
ResponseTimeTimeSkewFromMode,iodine,4.7,0.000219255,0
ResponseTimeTimeSkewFromMode,iodine,4.9,0.000105895,0
ResponseTimeTimeSkewFromMode,iodine,5.1,4.94342e-05,0
ResponseTimeTimeSkewFromMode,iodine,5.3,2.23052e-05,0
ResponseTimeTimeSkewFromMode,iodine,5.5,9.72769e-06,0
ResponseTimeTimeSkewFromMode,iodine,5.7,4.10053e-06,0
ResponseTimeTimeSkewFromMode,iodine,5.9,1.67069e-06,0
ResponseTimeTimeSkewFromMode,iodine,6.1,6.57925e-07,0
ResponseTimeTimeSkewFromMode,iodine,6.3,2.50429e-07,0
ResponseTimeTimeSkewFromMode,iodine,6.5,9.21334e-08,0
ResponseTimeTimeSkewFromMode,iodine,6.7,3.27624e-08,0
ResponseTimeTimeSkewFromMode,iodine,6.9,1.12606e-08,0
ResponseTimeTimeSkewFromMode,iodine,7.1,3.74086e-09,0
ResponseTimeTimeSkewFromMode,iodine,7.3,1.20118e-09,0
ResponseTimeTimeSkewFromMode,iodine,7.5,3.72794e-10,0
ResponseTimeTimeSkewFromMode,iodine,7.7,1.1183e-10,0
ResponseTimeTimeSkewFromMode,iodine,7.9,3.24243e-11,0
ResponseTimeTimeSkewFromMode,iodine,8.1,9.08679e-12,0
ResponseTimeTimeSkewFromMode,iodine,8.3,2.46137e-12,0
ResponseTimeTimeSkewFromMode,iodine,8.5,6.44417e-13,0
ResponseTimeTimeSkewFromMode,iodine,8.7,1.63074e-13,0
ResponseTimeTimeSkewFromMode,iodine,8.9,3.98866e-14,0
ResponseTimeTimeSkewFromMode,iodine,9.1,9.42966e-15,0
ResponseTimeTimeSkewFromMode,iodine,9.3,2.15472e-15,0
ResponseTimeTimeSkewFromMode,iodine,9.5,4.75894e-16,0
ResponseTimeTimeSkewFromMode,iodine,9.7,1.01591e-16,0
ResponseTimeTimeSkewFromMode,iodine,9.9,2.09618e-17,0
PacketTimeVariance,dns2tcp,15,0.00112606,0.00958433
PacketTimeVariance,dns2tcp,45,0.00119497,0.000683058
PacketTimeVariance,dns2tcp,75,0.00125469,0.000707965
PacketTimeVariance,dns2tcp,105,0.00130346,0.00168852
PacketTimeVariance,dns2tcp,135,0.00133981,0.000256645
PacketTimeVariance,dns2tcp,165,0.0013626,0.00392559
PacketTimeVariance,dns2tcp,195,0.00137113,0.0133665
PacketTimeVariance,dns2tcp,225,0.00136512,0.000101423
PacketTimeVariance,dns2tcp,255,0.00134476,4.10472e-05
PacketTimeVariance,dns2tcp,285,0.0013107,6.31649e-05
PacketTimeVariance,dns2tcp,315,0.00126399,7.791e-05
PacketTimeVariance,dns2tcp,345,0.00120605,8.01019e-05
PacketTimeVariance,dns2tcp,375,0.0011386,5.14087e-05
PacketTimeVariance,dns2tcp,405,0.00106355,0.000120352
PacketTimeVariance,dns2tcp,435,0.00098294,3.42724e-05
PacketTimeVariance,dns2tcp,465,0.000898834,3.22799e-05
PacketTimeVariance,dns2tcp,495,0.000813233,4.28405e-05
PacketTimeVariance,dns2tcp,525,0.000728002,2.68999e-05
PacketTimeVariance,dns2tcp,555,0.000644812,2.63021e-05
PacketTimeVariance,dns2tcp,585,0.000565088,2.63021e-05
PacketTimeVariance,dns2tcp,615,0.000489983,2.90917e-05
PacketTimeVariance,dns2tcp,645,0.000420368,1.83318e-05
PacketTimeVariance,dns2tcp,675,0.000356829,2.59036e-05
PacketTimeVariance,dns2tcp,705,0.000299691,2.33132e-05
PacketTimeVariance,dns2tcp,735,0.00024904,3.20806e-05
PacketTimeVariance,dns2tcp,765,0.000204761,2.33132e-05
PacketTimeVariance,dns2tcp,795,0.000166575,2.88925e-05
PacketTimeVariance,dns2tcp,825,0.000134076,4.80213e-05
PacketTimeVariance,dns2tcp,855,0.000106777,3.5468e-05
PacketTimeVariance,dns2tcp,885,8.4137e-05,4.26413e-05
PacketTimeVariance,dns2tcp,915,6.55962e-05,7.253e-05
PacketTimeVariance,dns2tcp,945,5.06002e-05,3.64643e-05
PacketTimeVariance,dns2tcp,975,3.86197e-05,5.18072e-05
PacketTimeVariance,dns2tcp,1005,2.91641e-05,6.87441e-05
PacketTimeVariance,dns2tcp,1035,2.17906e-05,5.04124e-05
PacketTimeVariance,dns2tcp,1065,1.61092e-05,0.000121548
PacketTimeVariance,dns2tcp,1095,1.17831e-05,5.89805e-05
PacketTimeVariance,dns2tcp,1125,8.52766e-06,0.00012095
PacketTimeVariance,dns2tcp,1155,6.10635e-06,8.98655e-05
PacketTimeVariance,dns2tcp,1185,4.3263e-06,0.000278563
PacketTimeVariance,dns2tcp,1215,3.03273e-06,0.000370421
PacketTimeVariance,dns2tcp,1245,2.10346e-06,0.000172558
PacketTimeVariance,dns2tcp,1275,1.4435e-06,7.15338e-05
PacketTimeVariance,dns2tcp,1305,9.80123e-07,4.76227e-05
PacketTimeVariance,dns2tcp,1335,6.58458e-07,4.88183e-05
PacketTimeVariance,dns2tcp,1365,4.37681e-07,4.7025e-05
PacketTimeVariance,dns2tcp,1395,2.87853e-07,0.000108596
PacketTimeVariance,dns2tcp,1425,1.87312e-07,3.20806e-05
PacketTimeVariance,dns2tcp,1455,1.20599e-07,2.84939e-05
PacketTimeVariance,dns2tcp,1485,7.68252e-08,2.59036e-05
PacketTimeVariance,dns2tcp,1515,4.84225e-08,1.65384e-05
PacketTimeVariance,dns2tcp,1545,3.01976e-08,1.59407e-05
PacketTimeVariance,dns2tcp,1575,1.86329e-08,1.27525e-05
PacketTimeVariance,dns2tcp,1605,1.13755e-08,9.16588e-05
PacketTimeVariance,dns2tcp,1635,6.87139e-09,9.76366e-06
PacketTimeVariance,dns2tcp,1665,4.10677e-09,1.076e-05
PacketTimeVariance,dns2tcp,1695,2.4285e-09,7.1733e-06
PacketTimeVariance,dns2tcp,1725,1.42089e-09,7.37256e-06
PacketTimeVariance,dns2tcp,1755,8.22552e-10,4.18443e-06
PacketTimeVariance,dns2tcp,1785,4.71139e-10,3.38739e-06
PacketTimeVariance,dns2tcp,1815,2.67004e-10,9.96292e-07
PacketTimeVariance,dns2tcp,1845,1.49716e-10,1.19555e-06
PacketTimeVariance,dns2tcp,1875,8.30622e-11,1.19555e-06
PacketTimeVariance,dns2tcp,1905,4.55953e-11,3.98517e-07
PacketTimeVariance,dns2tcp,1935,2.47639e-11,7.97033e-07
PacketTimeVariance,dns2tcp,1965,1.33076e-11,5.97775e-07
PacketTimeVariance,dns2tcp,1995,7.07562e-12,3.98517e-07
PacketTimeVariance,dns2tcp,2025,3.7223e-12,0
PacketTimeVariance,dns2tcp,2055,1.9375e-12,1.99258e-07
PacketTimeVariance,dns2tcp,2085,9.97821e-13,0
PacketTimeVariance,dns2tcp,2115,5.08449e-13,1.99258e-07
PacketTimeVariance,dns2tcp,2145,2.56345e-13,0
PacketTimeVariance,dns2tcp,2175,1.27875e-13,5.97775e-07
PacketTimeVariance,dns2tcp,2205,6.31141e-14,1.99258e-07
PacketTimeVariance,dns2tcp,2235,3.08213e-14,0
PacketTimeVariance,dns2tcp,2265,1.48922e-14,0
PacketTimeVariance,dns2tcp,2295,7.11948e-15,1.99258e-07
PacketTimeVariance,dns2tcp,2325,3.3676e-15,0
PacketTimeVariance,dns2tcp,2355,1.57607e-15,0
PacketTimeVariance,dns2tcp,2385,7.29817e-16,0
PacketTimeVariance,dns2tcp,2415,3.34375e-16,0
PacketTimeVariance,dns2tcp,2445,1.51578e-16,0
PacketTimeVariance,dns2tcp,2475,6.79865e-17,0
PacketTimeVariance,dns2tcp,2505,3.01711e-17,0
PacketTimeVariance,dns2tcp,2535,1.32477e-17,0
PacketTimeVariance,dns2tcp,2565,5.75539e-18,0
PacketTimeVariance,dns2tcp,2595,2.47395e-18,0
PacketTimeVariance,dns2tcp,2625,1.05218e-18,0
PacketTimeVariance,dns2tcp,2655,4.42762e-19,0
PacketTimeVariance,dns2tcp,2685,1.84346e-19,0
PacketTimeVariance,dns2tcp,2715,7.59416e-20,0
PacketTimeVariance,dns2tcp,2745,3.09534e-20,0
PacketTimeVariance,dns2tcp,2775,1.2483e-20,0
PacketTimeVariance,dns2tcp,2805,4.98096e-21,0
PacketTimeVariance,dns2tcp,2835,1.96648e-21,0
PacketTimeVariance,dns2tcp,2865,7.68155e-22,0
PacketTimeVariance,dns2tcp,2895,2.96887e-22,0
PacketTimeVariance,dns2tcp,2925,1.13531e-22,0
PacketTimeVariance,dns2tcp,2955,4.29558e-23,0
PacketTimeVariance,dns2tcp,2985,1.60809e-23,0
PacketTimeVariance,dnscat2,15,0.000138063,0.000452316
PacketTimeVariance,dnscat2,45,0.000157684,0.000732099
PacketTimeVariance,dnscat2,75,0.000179227,0.000346931
PacketTimeVariance,dnscat2,105,0.000202735,0.000121239
PacketTimeVariance,dnscat2,135,0.000228224,0.000270457
PacketTimeVariance,dnscat2,165,0.000255683,8.67327e-05
PacketTimeVariance,dnscat2,195,0.00028507,0.000215433
PacketTimeVariance,dnscat2,225,0.000316307,0.000442057
PacketTimeVariance,dnscat2,255,0.00034928,0.000127768
PacketTimeVariance,dnscat2,285,0.000383837,0.000747953
PacketTimeVariance,dnscat2,315,0.000419787,0.00239867
PacketTimeVariance,dnscat2,345,0.000456896,0.00106877
PacketTimeVariance,dnscat2,375,0.000494897,0.000221028
PacketTimeVariance,dnscat2,405,0.000533483,0.000686401
PacketTimeVariance,dnscat2,435,0.000572313,0.000667748
PacketTimeVariance,dnscat2,465,0.00061102,0.000622983
PacketTimeVariance,dnscat2,495,0.00064921,0.000666816
PacketTimeVariance,dnscat2,525,0.000686471,0.000159476
PacketTimeVariance,dnscat2,555,0.000722384,0.000163207
PacketTimeVariance,dnscat2,585,0.000756522,0.00101375
PacketTimeVariance,dnscat2,615,0.000788466,0.00135788
PacketTimeVariance,dnscat2,645,0.000817811,8.02044e-05
PacketTimeVariance,dnscat2,675,0.000844171,0.000293772
PacketTimeVariance,dnscat2,705,0.000867194,0.000335739
PacketTimeVariance,dnscat2,735,0.000886564,0.000454181
PacketTimeVariance,dnscat2,765,0.000902011,0.000452316
PacketTimeVariance,dnscat2,795,0.000913318,0.000311492
PacketTimeVariance,dnscat2,825,0.000920322,0.000405685
PacketTimeVariance,dnscat2,855,0.000922924,0.000344133
PacketTimeVariance,dnscat2,885,0.000921085,0.000380505
PacketTimeVariance,dnscat2,915,0.000914833,0.00025367
PacketTimeVariance,dnscat2,945,0.000904257,0.0001287
PacketTimeVariance,dnscat2,975,0.000889508,0.000144554
PacketTimeVariance,dnscat2,1005,0.000870795,0.000138026
PacketTimeVariance,dnscat2,1035,0.00084838,0.000211702
PacketTimeVariance,dnscat2,1065,0.000822569,0.0011555
PacketTimeVariance,dnscat2,1095,0.000793712,0.000301233
PacketTimeVariance,dnscat2,1125,0.000762186,0.00036092
PacketTimeVariance,dnscat2,1155,0.000728396,0.000689199
PacketTimeVariance,dnscat2,1185,0.000692758,0.00411281
PacketTimeVariance,dnscat2,1215,0.000655698,0.00478335
PacketTimeVariance,dnscat2,1245,0.000617639,0.00225225
PacketTimeVariance,dnscat2,1275,0.000578993,0.000498014
PacketTimeVariance,dnscat2,1305,0.000540157,0.000818831
PacketTimeVariance,dnscat2,1335,0.000501504,0.000187455
PacketTimeVariance,dnscat2,1365,0.00046338,1.39891e-05
PacketTimeVariance,dnscat2,1395,0.000426096,0.000228489
PacketTimeVariance,dnscat2,1425,0.00038993,1.6787e-05
PacketTimeVariance,dnscat2,1455,0.000355118,5.40914e-05
PacketTimeVariance,dnscat2,1485,0.00032186,8.1137e-05
PacketTimeVariance,dnscat2,1515,0.000290316,9.3261e-05
PacketTimeVariance,dnscat2,1545,0.000260604,6.62153e-05
PacketTimeVariance,dnscat2,1575,0.000232809,3.17087e-05
PacketTimeVariance,dnscat2,1605,0.000206979,0.00101561
PacketTimeVariance,dnscat2,1635,0.000183131,2.05174e-05
PacketTimeVariance,dnscat2,1665,0.000161252,2.98435e-05
PacketTimeVariance,dnscat2,1695,0.000141305,1.21239e-05
PacketTimeVariance,dnscat2,1725,0.00012323,9.3261e-07
PacketTimeVariance,dnscat2,1755,0.00010695,2.79783e-06
PacketTimeVariance,dnscat2,1785,9.23756e-05,1.86522e-06
PacketTimeVariance,dnscat2,1815,7.94037e-05,0
PacketTimeVariance,dnscat2,1845,6.79253e-05,0
PacketTimeVariance,dnscat2,1875,5.78271e-05,0
PacketTimeVariance,dnscat2,1905,4.89935e-05,0
PacketTimeVariance,dnscat2,1935,4.13099e-05,0
PacketTimeVariance,dnscat2,1965,3.46639e-05,0
PacketTimeVariance,dnscat2,1995,2.89473e-05,0
PacketTimeVariance,dnscat2,2025,2.40574e-05,0
PacketTimeVariance,dnscat2,2055,1.98974e-05,0
PacketTimeVariance,dnscat2,2085,1.63776e-05,0
PacketTimeVariance,dnscat2,2115,1.34157e-05,0
PacketTimeVariance,dnscat2,2145,1.09367e-05,0
PacketTimeVariance,dnscat2,2175,8.8729e-06,0
PacketTimeVariance,dnscat2,2205,7.16397e-06,0
PacketTimeVariance,dnscat2,2235,5.75638e-06,0
PacketTimeVariance,dnscat2,2265,4.60313e-06,0
PacketTimeVariance,dnscat2,2295,3.66323e-06,0
PacketTimeVariance,dnscat2,2325,2.90125e-06,0
PacketTimeVariance,dnscat2,2355,2.28672e-06,0
PacketTimeVariance,dnscat2,2385,1.79369e-06,0
PacketTimeVariance,dnscat2,2415,1.40021e-06,0
PacketTimeVariance,dnscat2,2445,1.08779e-06,0
PacketTimeVariance,dnscat2,2475,8.41016e-07,0
PacketTimeVariance,dnscat2,2505,6.47102e-07,0
PacketTimeVariance,dnscat2,2535,4.95506e-07,0
PacketTimeVariance,dnscat2,2565,3.77601e-07,0
PacketTimeVariance,dnscat2,2595,2.86368e-07,0
PacketTimeVariance,dnscat2,2625,2.16135e-07,0
PacketTimeVariance,dnscat2,2655,1.62343e-07,0
PacketTimeVariance,dnscat2,2685,1.21353e-07,0
PacketTimeVariance,dnscat2,2715,9.02764e-08,0
PacketTimeVariance,dnscat2,2745,6.68354e-08,0
PacketTimeVariance,dnscat2,2775,4.92433e-08,0
PacketTimeVariance,dnscat2,2805,3.61073e-08,0
PacketTimeVariance,dnscat2,2835,2.63483e-08,0
PacketTimeVariance,dnscat2,2865,1.91345e-08,0
PacketTimeVariance,dnscat2,2895,1.38289e-08,0
PacketTimeVariance,dnscat2,2925,9.94648e-09,0
PacketTimeVariance,dnscat2,2955,7.11964e-09,0
PacketTimeVariance,dnscat2,2985,5.07172e-09,0
PacketTimeVariance,iodine,15,0.000121382,0.000627633
PacketTimeVariance,iodine,45,0.000139432,0.000851174
PacketTimeVariance,iodine,75,0.000159386,0.000269395
PacketTimeVariance,iodine,105,0.000181306,0.000161207
PacketTimeVariance,iodine,135,0.000205236,0.000217092
PacketTimeVariance,iodine,165,0.000231192,0.000395495
PacketTimeVariance,iodine,195,0.000259159,0.000374001
PacketTimeVariance,iodine,225,0.000289094,0.000277993
PacketTimeVariance,iodine,255,0.000320914,0.000394062
PacketTimeVariance,iodine,285,0.000354499,0.000401943
PacketTimeVariance,iodine,315,0.000389689,0.00141647
PacketTimeVariance,iodine,345,0.000426284,0.000391912
PacketTimeVariance,iodine,375,0.000464042,0.000578196
PacketTimeVariance,iodine,405,0.00050268,0.00116857
PacketTimeVariance,iodine,435,0.000541881,0.0006262
PacketTimeVariance,iodine,465,0.000581291,0.000343192
PacketTimeVariance,iodine,495,0.000620525,0.000499384
PacketTimeVariance,iodine,525,0.000659178,0.000371135
PacketTimeVariance,iodine,555,0.000696825,0.000155475
PacketTimeVariance,iodine,585,0.000733029,0.000231422
PacketTimeVariance,iodine,615,0.000767354,0.000111054
PacketTimeVariance,iodine,645,0.00079937,5.58851e-05
PacketTimeVariance,iodine,675,0.000828661,0.00026438
PacketTimeVariance,iodine,705,0.000854836,0.00112487
PacketTimeVariance,iodine,735,0.000877538,0.000972975
PacketTimeVariance,iodine,765,0.000896451,0.00065056
PacketTimeVariance,iodine,795,0.000911306,0.000573897
PacketTimeVariance,iodine,825,0.000921889,0.000529476
PacketTimeVariance,iodine,855,0.000928048,0.000459261
PacketTimeVariance,iodine,885,0.000929692,0.000305219
PacketTimeVariance,iodine,915,0.000926798,0.000357522
PacketTimeVariance,iodine,945,0.000919408,0.000194881
PacketTimeVariance,iodine,975,0.000907629,0.000235004
PacketTimeVariance,iodine,1005,0.000891632,0.000181268
PacketTimeVariance,iodine,1035,0.000871646,0.000181985
PacketTimeVariance,iodine,1065,0.000847953,0.000937867
PacketTimeVariance,iodine,1095,0.000820882,0.000312384
PacketTimeVariance,iodine,1125,0.000790799,0.000492936
PacketTimeVariance,iodine,1155,0.000758105,0.00120081
PacketTimeVariance,iodine,1185,0.000723218,0.00377798
PacketTimeVariance,iodine,1215,0.000686573,0.00478033
PacketTimeVariance,iodine,1245,0.000648606,0.00233213
PacketTimeVariance,iodine,1275,0.000609751,0.000774511
PacketTimeVariance,iodine,1305,0.000570428,0.000323131
PacketTimeVariance,iodine,1335,0.000531039,0.000238587
PacketTimeVariance,iodine,1365,0.000491959,0.000219958
PacketTimeVariance,iodine,1395,0.000453533,0.000579629
PacketTimeVariance,iodine,1425,0.00041607,0.000302353
PacketTimeVariance,iodine,1455,0.00037984,8.38277e-05
PacketTimeVariance,iodine,1485,0.000345073,6.09005e-05
PacketTimeVariance,iodine,1515,0.000311961,3.08085e-05
PacketTimeVariance,iodine,1545,0.00028065,3.36744e-05
PacketTimeVariance,iodine,1575,0.000251251,4.58545e-05
PacketTimeVariance,iodine,1605,0.000223835,0.000753733
PacketTimeVariance,iodine,1635,0.000198438,3.51073e-05
PacketTimeVariance,iodine,1665,0.000175065,3.86897e-05
PacketTimeVariance,iodine,1695,0.000153691,1.79119e-05
PacketTimeVariance,iodine,1725,0.00013427,1.43295e-06
PacketTimeVariance,iodine,1755,0.00011673,3.58238e-06
PacketTimeVariance,iodine,1785,0.000100987,5.01533e-06
PacketTimeVariance,iodine,1815,8.69411e-05,0
PacketTimeVariance,iodine,1845,7.44838e-05,0
PacketTimeVariance,iodine,1875,6.35003e-05,0
PacketTimeVariance,iodine,1905,5.38724e-05,0
PacketTimeVariance,iodine,1935,4.54815e-05,0
PacketTimeVariance,iodine,1965,3.82102e-05,0
PacketTimeVariance,iodine,1995,3.19449e-05,0
PacketTimeVariance,iodine,2025,2.65767e-05,0
PacketTimeVariance,iodine,2055,2.20028e-05,0
PacketTimeVariance,iodine,2085,1.81272e-05,0
PacketTimeVariance,iodine,2115,1.48615e-05,0
PacketTimeVariance,iodine,2145,1.21247e-05,0
PacketTimeVariance,iodine,2175,9.84363e-06,0
PacketTimeVariance,iodine,2205,7.95275e-06,0
PacketTimeVariance,iodine,2235,6.39377e-06,0
PacketTimeVariance,iodine,2265,5.11532e-06,0
PacketTimeVariance,iodine,2295,4.07255e-06,0
PacketTimeVariance,iodine,2325,3.22654e-06,0
PacketTimeVariance,iodine,2355,2.54381e-06,0
PacketTimeVariance,iodine,2385,1.99577e-06,0
PacketTimeVariance,iodine,2415,1.55816e-06,0
PacketTimeVariance,iodine,2445,1.21057e-06,0
PacketTimeVariance,iodine,2475,9.35938e-07,0
PacketTimeVariance,iodine,2505,7.2008e-07,0
PacketTimeVariance,iodine,2535,5.51304e-07,0
PacketTimeVariance,iodine,2565,4.20028e-07,0
PacketTimeVariance,iodine,2595,3.18452e-07,0
PacketTimeVariance,iodine,2625,2.40262e-07,0
PacketTimeVariance,iodine,2655,1.80387e-07,0
PacketTimeVariance,iodine,2685,1.34772e-07,0
PacketTimeVariance,iodine,2715,1.00201e-07,0
PacketTimeVariance,iodine,2745,7.41351e-08,0
PacketTimeVariance,iodine,2775,5.45822e-08,0
PacketTimeVariance,iodine,2805,3.99904e-08,0
PacketTimeVariance,iodine,2835,2.91566e-08,0
PacketTimeVariance,iodine,2865,2.11542e-08,0
PacketTimeVariance,iodine,2895,1.52733e-08,0
PacketTimeVariance,iodine,2925,1.09735e-08,0
PacketTimeVariance,iodine,2955,7.84576e-09,0
PacketTimeVariance,iodine,2985,5.58216e-09,0
