configuration,start,changed_point,accuracy,non_doh_recall,benign_precision,benign_recall,benign_f1,malicious_precision,malicious_recall,malicious_fpr,macro_f1,fig4b_absolute_difference_sum
"Artigo, Fig. 4b",,,0.9978345267880252,0.9994155990110137,0.972707423580786,0.9022784810126582,0.9361702127659574,0.999879769156781,0.9997595672209978,3.2983343411577155e-05,0.9781954062821887,0
partida (profundidade variável),profundidade variável,nenhum: reprodução,0.9963592756511461,0.9969431676425304,0.8713200379867047,0.9291139240506329,0.8992893898554276,0.9998797498797499,0.999599278701663,3.298298078191653e-05,0.9655557281669519,553
class_weight,profundidade variável,peso de classe nos Random Forests base,0.9961694748557083,0.9966622087861453,0.8596819457436857,0.9306329113924051,0.8937515195720885,0.999959913412972,0.999599278701663,1.0994326927305511e-05,0.9636855012621247,611
use_probas,profundidade variável,entrada do meta-classificador,0.9965835856821181,0.9972466032074263,0.8841698841698842,0.9275949367088607,0.9053619965406473,0.9997595479501463,0.9996794229613304,6.596596156383306e-05,0.9676202399783619,489
max_features_padrao,profundidade variável,atributos candidatos em cada divisão das árvores,0.9956000724693946,0.9959654308223104,0.8343920145190563,0.9311392405063291,0.8801148600143576,1.0,0.9993989180524945,0.0,0.9589929179155069,749
meta_uniao,profundidade variável,dados de treino do meta-classificador,0.994694205036623,0.9944370146435756,0.7895850973751058,0.9443037974683545,0.8600415033433249,0.9998797498797499,0.999599278701663,3.298298078191653e-05,0.9521153217109943,1061
rf_unico,profundidade variável,sistema inteiro: a configuração do script publicado pelos autores,0.9964800579755156,0.9972690799159372,0.8831231813773036,0.9220253164556962,0.9021550656428041,0.999919826825944,0.9995592065718293,2.1988653854611022e-05,0.9665336400883792,469
partida (profundidade 5),profundidade 5,nenhum: reprodução,0.9779485984936719,0.9993369370989312,0.0,0.0,0.0,0.9975910501388209,0.9790823482268083,0.0006486652887110251,0.6580271770302831,4711
class_weight-prof5,profundidade 5,peso de classe nos Random Forests base,0.9770513583697837,0.9984828221755206,0.0,0.0,0.0,0.9949853228962818,0.9779603285914646,0.0013523022120585778,0.6572204533514373,4895
use_probas-prof5,profundidade 5,entrada do meta-classificador,0.9768529302654623,0.997741090794664,0.0,0.0,0.0,0.9911217415980865,0.9796834301743138,0.0024077575970799067,0.6568607736307356,4963
max_features_padrao-prof5,profundidade 5,atributos candidatos em cada divisão das árvores,0.974195719129332,0.9944257762893202,0.0,0.0,0.0,0.9754880434348676,0.9791624924864757,0.006750516733365583,0.6537822564515284,5579
meta_uniao-prof5,profundidade 5,dados de treino do meta-classificador,0.961125346170769,0.9583956125464987,0.29920704845814977,0.859746835443038,0.44392156862745097,0.9984060162668084,0.9788819875776398,0.0004287787501649149,0.8028268746415711,8511
rf_unico-prof5,profundidade 5,sistema inteiro: a configuração do script publicado pelos autores,0.9323532710441632,0.9192524246749306,0.19887514060742406,0.8951898734177215,0.32544868844914865,0.9823225237503508,0.9820076137046684,0.00484849817494173,0.7546614966259103,15287
