atributo,mínimo CIRA,máximo CIRA,mínimo HKD,máximo HKD,fluxos do HKD abaixo do mínimo,fluxos do HKD acima do máximo
Duration,3e-06,179.021144,0.041714,122.988597,0,0
FlowBytesSent,54.0,15975607.0,198.0,110740.0,0,0
FlowSentRate,1.04778011,94360360.3603603,74.56427912,27125.56177,0,0
FlowBytesReceived,54.0,52680110.0,132.0,113979.0,0,0
FlowReceivedRate,0.51636311,22000000.0,49.70951941,135790.7198,0,0
PacketLengthVariance,0.0,81092992.8973767,0.0,259846.4152,0,0
PacketLengthStandardDeviation,0.0,9005.16479013,0.0,509.7513268,0,0
PacketLengthMean,54.66666667,5146.2757732,66.0,377.7647059,0,0
PacketLengthMedian,54.0,2962.0,66.0,218.0,0,0
PacketLengthMode,54.0,5858.0,66.0,285.0,0,0
PacketLengthSkewFromMedian,-10.0,2.9323746,-10.0,2.872561548,0,0
PacketLengthSkewFromMode,-10.0,1.95609046,-10.0,1.355259463,0,0
PacketLengthCoefficientofVariation,0.0,4.56490137,0.0,1.50814927,0,0
PacketTimeVariance,0.0,3546.090995,0.00035664,1743.175147,0,0
PacketTimeStandardDeviation,1.5e-06,59.54906376,0.01888493,41.75134905,0,0
PacketTimeMean,1.5e-06,113.1986567,0.01570605,80.18744933,0,0
PacketTimeMedian,0.0,119.3094185,0.001152,99.777128,0,0
PacketTimeMode,0.0,119.990979,0.0,111.513264,0,0
PacketTimeSkewFromMedian,-2.96366314,2.98524786,-2.448927769,2.38022021,0,0
PacketTimeSkewFromMode,-7.5203881,22.80171028,-1.980231,2.84823409,0,0
PacketTimeCoefficientofVariation,0.02350834,8.7775774,0.351094737,1.4020297,0,0
ResponseTimeTimeVariance,0.0,1002.91989226,0.0,1.376642022,0,0
ResponseTimeTimeStandardDeviation,0.0,31.6689105,2.531e-05,1.173303892,0,0
ResponseTimeTimeMean,2e-06,45.013642,9.5e-05,0.834149654,0,0
ResponseTimeTimeMedian,2e-06,45.013642,1.3e-05,0.0099715,0,0
ResponseTimeTimeMode,-1e-06,45.013642,-1e-06,0.0099,0,0
ResponseTimeTimeSkewFromMedian,-10.0,2.97071558,-2.164034441,2.25253462,0,0
ResponseTimeTimeSkewFromMode,-10.0,7.0965685,-2.137194495,3.848366019,0,0
ResponseTimeTimeCoefficientofVariation,0.0,73.66547039,0.01710815,10.90927561,0,0
