atributo,"CIRA, Malicious-DoH",HKD
Duration,34.071709,120.0644985
FlowBytesSent,1807.0,21375.0
FlowSentRate,149.6556692,356.6534921
FlowBytesReceived,4896.0,21723.5
FlowReceivedRate,235.5290982,327.37743965
PacketLengthVariance,141408.7733,8547.762054499999
PacketLengthStandardDeviation,376.043579,92.454107825
PacketLengthMean,223.4333333,148.56124605
PacketLengthMedian,76.0,126.5
PacketLengthMode,68.0,66.0
PacketLengthSkewFromMedian,1.17552831,0.648672566
PacketLengthSkewFromMode,0.42387599,0.956587481
PacketLengthCoefficientofVariation,1.62925593,0.614729047
PacketTimeVariance,187.2153973,1204.7567655
PacketTimeStandardDeviation,13.68266777,34.709606235
PacketTimeMean,8.58377721,57.417693045
PacketTimeMedian,0.27968,58.525942
PacketTimeMode,0.0,0.0
PacketTimeSkewFromMedian,0.72277765,0.0239161345
PacketTimeSkewFromMode,0.88916027,1.641071142
PacketTimeCoefficientofVariation,0.92861543,0.598753965
ResponseTimeTimeVariance,8.31e-05,0.09716145500000001
ResponseTimeTimeStandardDeviation,0.00911465,0.31170732
ResponseTimeTimeMean,0.01328163,0.11062454499999999
ResponseTimeTimeMedian,0.015331,0.000202
ResponseTimeTimeMode,2.7e-05,8.6e-05
ResponseTimeTimeSkewFromMedian,-0.05980267,1.462424325
ResponseTimeTimeSkewFromMode,1.00000606,0.5880128915
ResponseTimeTimeCoefficientofVariation,0.81335055,1.4899018485000002
