classe,atributo,count,mean,std,min,25%,50%,75%,max
Non-DoH,Duration,889809.0,10.244432690821288,21.813633875228916,3e-06,0.050296,0.31208,9.305369,167.476638
Non-DoH,FlowBytesSent,889809.0,2713.3698243106105,36014.46109800312,54.0,147.0,1195.0,2236.0,15975607.0
Non-DoH,FlowSentRate,889809.0,9586.436089067169,263076.9509222606,1.0477801130432818,247.83558318207048,2046.2070761561067,5118.872143508909,94360360.36036035
Non-DoH,FlowBytesReceived,889809.0,46034.74316960156,394908.5154493626,54.0,108.0,2839.0,6929.0,52680110.0
Non-DoH,FlowReceivedRate,889809.0,28265.58840915798,178994.16928772518,0.5163631097035496,589.229619099878,2907.1047879134917,10486.720277481803,22000000.0
Non-DoH,PacketLengthVariance,889809.0,412867.8911836058,1238157.8997587885,0.0,30.25,115512.0589569161,399280.25820707064,81092992.89737679
Non-DoH,PacketLengthStandardDeviation,889809.0,398.87862067826086,503.74996013769817,0.0,5.5,339.87065033173445,631.8862699941111,9005.164790128872
Non-DoH,PacketLengthMean,889809.0,307.776629410073,338.6725021552306,54.666666666666664,60.5,227.14705882352945,393.8888888888889,5146.275773195876
Non-DoH,PacketLengthMedian,889809.0,157.71746801841743,308.48131105675344,54.0,60.5,66.0,93.0,2962.0
Non-DoH,PacketLengthMode,889809.0,164.80739124913325,373.90484045665363,54.0,54.0,55.0,66.0,5858.0
Non-DoH,PacketLengthSkewFromMedian,889809.0,0.7659634989165498,1.17324497053282,-10.0,0.0,1.1338934190276817,1.6143241836431246,2.872281323269015
Non-DoH,PacketLengthSkewFromMode,889809.0,0.4990981929577147,0.5990706442044705,-10.0,0.4148710423978275,0.6162958930600548,0.9918772634947866,1.956090455445525
Non-DoH,PacketLengthCoefficientofVariation,889809.0,0.9149821059304483,0.7794728352902667,0.0,0.0909090909090909,0.9257197218625642,1.4836580822499352,4.56490137035484
Non-DoH,PacketTimeVariance,889809.0,76.36555511071626,257.6752937520098,2.25e-12,0.0003547997008622,0.0109123044551875,8.948233751772616,3481.978882666114
Non-DoH,PacketTimeStandardDeviation,889809.0,3.710000377095204,7.91211240229546,1.5e-06,0.0188361275442226,0.1044619761213978,2.9913598499298972,59.00829503269954
Non-DoH,PacketTimeMean,889809.0,3.8246072319121622,8.882848843237582,1.5e-06,0.0240096666666666,0.1637614285714285,2.2705751363636364,103.91017970930233
Non-DoH,PacketTimeMedian,889809.0,3.12700678916318,9.255828932889642,0.0,0.02686,0.092484,0.455114,119.3094185
Non-DoH,PacketTimeMode,889809.0,0.5128817070562334,3.9308137059861927,0.0,0.0,0.0,0.0,119.703626
Non-DoH,PacketTimeSkewFromMedian,889809.0,0.10010651044450887,1.2483479672521407,-2.9636631352063136,-0.5655571580150899,0.0,1.0967445837363747,2.9852478643276004
Non-DoH,PacketTimeSkewFromMode,889809.0,1.0953377518557528,0.7684462000178478,-7.520388100032181,0.6832557613089026,1.0,1.545530098186559,22.80171027865112
Non-DoH,PacketTimeCoefficientofVariation,889809.0,0.9984725349510022,0.5909530583949354,0.0235083449497591,0.5766252366972052,0.9928839786384528,1.09298635998694,8.777577403531774
Non-DoH,ResponseTimeTimeVariance,889809.0,1.495614489484312,13.140510040488632,0.0,0.0,3.98516391875e-05,0.0002658802709645,1002.9198922570102
Non-DoH,ResponseTimeTimeStandardDeviation,889809.0,0.22633888874771776,1.201826451772327,0.0,0.0,0.006312815472315,0.0163058354880854,31.6689105
Non-DoH,ResponseTimeTimeMean,889809.0,0.1306789196047981,0.7347615422510567,2e-06,0.015221,0.024783,0.0533555,45.013642
Non-DoH,ResponseTimeTimeMedian,889809.0,0.05918386569814422,0.5926823876495265,2e-06,0.015194,0.024853,0.036614,45.013642
Non-DoH,ResponseTimeTimeMode,889809.0,0.031115232008217492,0.4512856243323434,0.0,3.2e-05,0.013898,0.025701,45.013642
Non-DoH,ResponseTimeTimeSkewFromMedian,889809.0,-3.3455958237723444,4.762090944760431,-10.0,-10.0,-1.400750841799376,0.4000314362144292,2.9284052147719617
Non-DoH,ResponseTimeTimeSkewFromMode,889809.0,-2.488874724859473,5.248100267673969,-10.0,-10.0,0.74883632107284,1.2880193215116764,7.09656850397984
Non-DoH,ResponseTimeTimeCoefficientofVariation,889809.0,0.6560256009184053,1.2874977920536934,0.0,0.0,0.4086457935672135,0.8415375315183269,73.66547038654375
Benign-DoH,Duration,19746.0,32.794201968753164,54.33342191341914,1.7e-05,0.11998325,4.0980764999999995,45.027590000000004,179.021144
Benign-DoH,FlowBytesSent,19746.0,10117.155322596982,29988.28170510688,55.0,353.0,1049.0,4114.0,342654.0
Benign-DoH,FlowSentRate,19746.0,92627.27745192671,590436.4824714314,1.4649028650210667,84.50106832840513,1284.6141291638544,10556.779986588841,7136363.636363636
Benign-DoH,FlowBytesReceived,19746.0,13200.332826901651,40634.601188675486,54.0,327.0,1295.0,5785.0,506122.0
Benign-DoH,FlowReceivedRate,19746.0,60082.5713174905,360301.0118415425,1.5762446396312388,84.61588523245642,1941.7687614734764,8692.254442984555,3882352.9411764704
Benign-DoH,PacketLengthVariance,19746.0,49557.52901472085,157424.00329760197,8.0,372.48979591836735,3741.2098765432097,20192.27036432252,1578115.36
Benign-DoH,PacketLengthStandardDeviation,19746.0,127.41098942195948,182.55316076712344,2.8284271247461903,19.299994712910348,61.16543040429953,142.09950860462487,1256.2306157708465
Benign-DoH,PacketLengthMean,19746.0,137.67628119345585,81.84698765927111,56.0,87.22222222222223,116.5218797302876,153.78007224563515,689.8
Benign-DoH,PacketLengthMedian,19746.0,93.89782740808265,16.56103243245902,54.0,78.0,97.5,105.0,138.0
Benign-DoH,PacketLengthMode,19746.0,74.05120024308721,20.297066060983596,54.0,66.0,66.0,85.0,213.0
Benign-DoH,PacketLengthSkewFromMedian,19746.0,0.16203795703942742,1.462381948768276,-2.740531898530605,-1.2938451317870012,0.8917819014467334,1.177442340078813,2.452643061642957
Benign-DoH,PacketLengthSkewFromMode,19746.0,0.33226334474217784,0.6523731810922592,-1.3090545159281637,-0.5750914066349909,0.6139816099190721,0.779681996172479,1.2977713690461008
Benign-DoH,PacketLengthCoefficientofVariation,19746.0,0.6651629171653348,0.5347544597159105,0.0505076272276105,0.2186083543533534,0.5263264001529289,0.9399242255768877,2.532857094596892
Benign-DoH,PacketTimeVariance,19746.0,459.8239306266673,989.9496363510513,7.225e-11,0.000861882270090125,2.977967859844333,170.96567048843514,3546.09099477893
Benign-DoH,PacketTimeStandardDeviation,19746.0,11.167894781692558,18.30625653324674,8.5e-06,0.029357830358967774,1.7256789418441167,13.075383795149088,59.549063760725325
Benign-DoH,PacketTimeMean,19746.0,13.89263452902805,22.617584248643393,8.5e-06,0.0694952068965517,1.9997371366041365,19.35097836038961,113.19865671274684
Benign-DoH,PacketTimeMedian,19746.0,12.759009522789425,22.427112645109485,1e-06,0.05103175,0.178709,7.482718875,119.286385
Benign-DoH,PacketTimeMode,19746.0,1.0499230956649446,6.845597588416293,0.0,0.0,0.0,0.0,108.995418
Benign-DoH,PacketTimeSkewFromMedian,19746.0,-0.2122841090179898,1.3372789508435974,-2.854080173610454,-1.599416363422316,0.0,0.7222386317457747,2.820752506311499
Benign-DoH,PacketTimeSkewFromMode,19746.0,1.4067774573601926,0.7925367550607739,-5.2655233678765985,1.0,1.414212403047029,1.8217234107119677,12.956406052979936
Benign-DoH,PacketTimeCoefficientofVariation,19746.0,0.830324201515935,0.431037987456517,0.0771818971951718,0.5371145838684346,0.7071070990078505,0.9610383498805007,5.616085482691796
Benign-DoH,ResponseTimeTimeVariance,19746.0,2.004560243732749,14.82845490265395,0.0,9.557222222222224e-10,7.046216845725e-05,0.000206508503321,647.2453301243247
Benign-DoH,ResponseTimeTimeStandardDeviation,19746.0,0.34891865246292997,1.3721921783386266,0.0,3.09147570009e-05,0.008394174673739901,0.014370403431699775,25.441016688102792
Benign-DoH,ResponseTimeTimeMean,19746.0,0.1760836759677559,0.617496414872759,9.1111111111e-06,0.011221621428571376,0.0155145833333333,0.024888,14.6884105
Benign-DoH,ResponseTimeTimeMedian,19746.0,0.016638831105033933,0.06852662754376204,4e-06,0.011051875000000001,0.015519,0.020302,7.5150655
Benign-DoH,ResponseTimeTimeMode,19746.0,0.008483479995948546,0.04222252185520003,0.0,1.5e-05,4.7e-05,0.015504,2.324448
Benign-DoH,ResponseTimeTimeSkewFromMedian,19746.0,-1.5718776260624154,4.123469898930525,-10.0,-1.868518788163235,0.0,1.247666270977869,2.739231225911724
Benign-DoH,ResponseTimeTimeSkewFromMode,19746.0,-1.0185831070804703,4.229927240948115,-10.0,0.2598381255187533,0.8130116595313435,1.1914100631532838,3.926140948026135
Benign-DoH,ResponseTimeTimeCoefficientofVariation,19746.0,0.8518422013178475,1.1360324682074632,0.0,0.00228569185527505,0.7602468810108642,1.082620434410792,16.176741328904154
Malicious-DoH,Duration,249553.0,55.596364310615385,44.34289794065715,2.1e-05,33.284267,34.071709,107.294729,135.088394
Malicious-DoH,FlowBytesSent,249553.0,70250.87408286016,196842.96700187423,56.0,1189.0,1807.0,26691.0,8015359.0
Malicious-DoH,FlowSentRate,249553.0,1536.531498912093,61085.3247872533,2.255431535198281,53.365956559816034,149.65566915679025,1194.1345252347485,23043478.260869563
Malicious-DoH,FlowBytesReceived,249553.0,71741.10838980097,188404.32189211313,56.0,4169.0,4896.0,34055.0,7723184.0
Malicious-DoH,FlowReceivedRate,249553.0,2871.527500572539,22381.862977138695,2.0988546982029046,143.66884753199307,235.52909820331027,1956.3984373244257,7600000.0
Malicious-DoH,PacketLengthVariance,249553.0,135854.1079474919,137217.35589738906,0.0,15544.807604063128,141408.77333333332,182528.1590909091,1338915.094166667
Malicious-DoH,PacketLengthStandardDeviation,249553.0,313.07331669281905,194.52341234667193,0.0,124.6788177841895,376.0435790348418,427.2331437177002,1157.1149874436278
Malicious-DoH,PacketLengthMean,249553.0,208.71950974001845,73.6953776406283,58.0,150.15824808184144,223.43333333333337,248.86363636363637,559.6734693877551
Malicious-DoH,PacketLengthMedian,249553.0,97.0458079045333,43.66903147851763,56.0,76.0,76.0,107.0,317.0
Malicious-DoH,PacketLengthMode,249553.0,67.50707865663807,6.236688634616648,56.0,68.0,68.0,68.0,553.0
Malicious-DoH,PacketLengthSkewFromMedian,249553.0,0.7267194539036613,1.5895158583759368,-10.0,0.7356398245774085,1.1755283054540608,1.2016088276650367,2.9323746012794283
Malicious-DoH,PacketLengthSkewFromMode,249553.0,0.3328163447512743,1.437965243176908,-10.0,0.4132012972645743,0.4238759852440625,0.6362247993126443,1.4261765900508272
Malicious-DoH,PacketLengthCoefficientofVariation,249553.0,1.3299854205072785,0.6315664488355204,0.0,0.7701878608943282,1.629255930928455,1.6832747494845202,3.100069681422366
Malicious-DoH,PacketTimeVariance,249553.0,419.5080648504523,466.9110578830976,1.1025e-10,98.68712098836909,187.21539734501584,738.4762277495665,2302.8927253151073
Malicious-DoH,PacketTimeStandardDeviation,249553.0,16.742762576238626,11.797818608433964,1.05e-05,9.934139166951965,13.682667771491634,27.17491909370783,47.98846450257715
Malicious-DoH,PacketTimeMean,249553.0,22.951532880536643,24.235912123392943,1.05e-05,6.496520235294118,8.583777213793104,47.927898873524114,103.99019121726288
Malicious-DoH,PacketTimeMedian,249553.0,20.153629074252763,27.36073719965365,1.05e-05,0.0685225,0.27968,47.535355,116.442369
Malicious-DoH,PacketTimeMode,249553.0,2.5965520910147344,12.343042133967563,0.0,0.0,0.0,0.0,119.990979
Malicious-DoH,PacketTimeSkewFromMedian,249553.0,0.7594110414466967,1.1296392580220336,-2.849298606135634,-0.0186173628440001,0.7227776459425297,1.8233588633783733,2.8469485065746176
Malicious-DoH,PacketTimeSkewFromMode,249553.0,1.0885145879127338,0.6503009161339094,-4.851127691105234,0.6130312412652817,0.8891602730022569,1.6964056399038303,5.808751224262797
Malicious-DoH,PacketTimeCoefficientofVariation,249553.0,1.1142560308051865,0.5695568302696594,0.1186105302411251,0.5825395850978081,0.9286154292982252,1.6293749781670788,5.004242457648668
Malicious-DoH,ResponseTimeTimeVariance,249553.0,1.5101871603634593,7.932972207899182,0.0,5.24302953333e-05,8.307678949e-05,0.0005611253085,62.14287042840766
Malicious-DoH,ResponseTimeTimeStandardDeviation,249553.0,0.29986835176123744,1.1917515778209524,0.0,0.0072408766964597,0.0091146469756101,0.0236880836814631,7.883074934846659
Malicious-DoH,ResponseTimeTimeMean,249553.0,0.7114969129249913,2.8455823508668217,4.875e-06,0.0104031111111111,0.013281625,0.0254792753623188,28.017596
Malicious-DoH,ResponseTimeTimeMedian,249553.0,0.772653223026772,3.2813192781580804,2e-06,0.013848,0.015331,0.015883,28.017596
Malicious-DoH,ResponseTimeTimeMode,249553.0,0.40325047409568304,2.4229696704725696,-1e-06,1.5e-05,2.7e-05,0.000117,28.017596
Malicious-DoH,ResponseTimeTimeSkewFromMedian,249553.0,-0.3533866901959064,1.5417735462199236,-10.0,-1.8248407081146527,-0.0598026715144728,0.8163074465316486,2.9707155776885577
Malicious-DoH,ResponseTimeTimeSkewFromMode,249553.0,0.9058675954616381,0.8529667384884617,-10.0,0.4417958951610684,1.0000060576868826,1.4171017807938306,5.4287809887392635
Malicious-DoH,ResponseTimeTimeCoefficientofVariation,249553.0,1.3873449369657174,2.1877764957150383,0.0,0.6887843428643164,0.8133505533451867,1.3311545328781476,66.30974711961338
